,name,name_counts
0,猪头翼爱吃肉,196
1,全宇宙超级无敌美默默啊,95
2,一沧沧沧,76
3,小鹿橘-,73
4,Dominik_kk,60
5,想你想给你口,37
6,我愛于晏彭,26
7,杰羽家de小乖,23
8,還是分不清東南西北,23
9,害怕茹,23
10,MOSHIYA,20
11,Ruby_setfree,20
12,没结论,20
13,呆萌月6,19
14,第六只袜子,16
15,二十二岁整,15
16,_楠楠小可爱_,11
17,白日航船,11
18,chuzihllll,11
19,与姑娘生死与共,11
20,悲伤贩卖机,10
21,白话yx,10
22,秋之Ann,10
23,而後拔劍自刎,10
24,SuiciuS,10
25,想去撒哈拉沙漠看星星,9
26,躲在被窝的葱,9
27,今天也要好好吃饭咯,9
28,能比刘能能,9
29,Fairy-Dand,8
30,Poi李四,8
31,你看春天就很好,8
32,小宁同学不吃鱼,8
33,HEY1Katrina,7
34,病魂,7
35,好稀罕苏澈呀,7
36,取向狙击ttt_op,7
37,安吉丽娜品如,7
38,帽子的异想世界,7
39,yee我爱吃火锅芒果奶茶,6
40,醉时花与月,6
41,21725号卡图,6
42,别看是只小蘑菇,6
43,茶杯里的预想,6
44,电脑夼KUANG死机,6
45,灯束,6
46,九节石上,6
47,徐哦哦哈哈,6
48,冠状肺炎病毒,5
49,藤岛加奈子·,5
50,呱呱辰的记录bot,5
51,·Liyn,5
52,糖糖揍你,5
53,而你的心是我围绕着飞的月亮,5
54,一切会好的d,5
55,不知道起什么就暂且作罢,5
56,一个不高兴的胡萝卜,4
57,FRLjd,4
58,菠菜捏,4
59,sinsnibhj,4
60,loneliness14,4
61,aulll320,4
62,吃饭了吗开心吗,4
63,youknight_,4
64,你读的技术,4
65,_噗叽-,4
66,每天这个时候就失忆,4
67,心碎小狗,4
68,走失狗,4
69,Evoly_Maturi,4
70,阿怪是豆豆啊,4
71,肉肉不吃饭,4
72,心秉烛夜游,4
73,沉溺mny,4
74,Bucknorth,4
75,无糖可乐不能喝,4
76,惘辞,4
77,温小健w_w,4
78,凌晨四点零四分_,4
79,薛学学学,4
80,whrvgo,4
81,小陈您真棒,3
82,SunkcostD77,3
83,FineIsland,3
84,你有蓝色的眼睛,3
85,睡了也许梦就来了,3
86,maeiiiiaaal,3
87,哒浪哒浪呀,3
88,要开心努力乐观的生活啊,3
89,已西辞,3
90,-仌-,3
91,对面的夜,3
92,不想醒的小鱼,3
93,A-Intro,3
94,_此离人间,3
95,十岁小天才,3
96,一字忘,3
97,好想开心一点阿,3
98,花花我很想你,3
99,因为无趣,3
100,lesyeuxdemmun,3
101,巫阿谢,3
102,南庭北墓,3
103,此去三千里千里东风一梦遥,3
104,不醒HaN,3
105,芝士快跑,3
106,潮鞋Fashion库,3
107,温柔网友小林,3
108,咕咕噜噜安,3
109,札夭,3
110,宇宙超级无敌可爱的阿五,3
111,longtimesnosee,3
112,啊鱼啊呀,3
113,卡卡戎星,3
114,抢票抄手_,3
115,Kamiiihara,3
116,乍梨,3
117,天空中飞过的喵,3
118,环形荒野,2
119,东风夜放花千树__,2
120,阿七走路带风,2
121,早安_诺氟沙星人,2
122,执冷夏_慕相,2
123,buyaoaoyel,2
124,风说心听,2
125,紫薯布丁51591,2
126,她去宇宙摘星星了,2
127,酒酿柒柒,2
128,迷惑计,2
129,tanyog,2
130,茕茕白兔_7月,2
131,程仁美,2
132,少吃点肉吧胖成啥了,2
133,金嗓子多吃金嗓子,2
134,·Bunnylover·,2
135,晓晓数学家,2
136,vfgnvdvnh,2
137,甜甜别吃了-,2
138,来一斤糖炒板栗,2
139,Mou树,2
140,nidou030,2
141,依怡懿奕易伊逸,2
142,Endlessly-,2
143,最好的自己lsy,2
144,Laurel_呀,2
145,UrNotSil,2
146,深夜觅食者,2
147,用户8313730283-2,2
148,昨夜雨疏风骤s,2
149,小份甜點,2
150,快乐没烦恼_,2
151,小满万安,2
152,世界第一烊吹,2
153,幸存者kaven,2
154,Komolov,2
155,陽光阿雞-,2
156,珍珠发夹心小饼干,2
157,日落前出逃吧,2
158,小狸猫耳朵,2
159,糜kill,2
160,tellmegoodbye_,2
161,Yi-Joanna,2
162,蠕蠕呀,2
163,手机用户9826,2
164,阿阿阿羚,2
165,幹物废柴宅,2
166,叶枭枭枭子,2
167,善生ruyi,2
168,呼呼呼小九,2
169,走万万,2
170,俺想回老家种地,2
171,时间_胶囊,2
172,晞叶叶yee,2
173,baby_喵,2
174,今日有点可爱,2
175,Mr林志,2
176,哎呀哎呀月光真美吖,2
177,BX-DING,2
178,小胖猫Delores,2
179,_nachtundfrei,2
180,把我的鸡笼拿来,2
181,我和小喵纸,2
182,莫里丹的驴子,2
183,不存在的粼粼,2
184,不计良人不计仇,2
185,Yhcolaa,2
186,荡荡荡小煜,2
187,小妹只有一个,2
188,七七的白日梦,2
189,夏弗依,2
190,事后一杯茶,2
191,别动我的儿童床,2
192,1只萌主,2
193,定时发布鸟,2
194,酸奶抹茶热干面,2
195,天下无瓶,2
196,北居予南,2
197,寂小寂啊,2
198,顾无端_,2
199,小白杨可爱,2
200,袁清朗,2
201,看见你的小虎牙,2
202,西瓜Kaii,2
203,翻车霖之再生产,2
204,SomedaySoonn,2
205,GoKoo-,2
206,你在说什么狗话,2
207,咩都吾知,2
208,产值0,2
209,什么呢h,2
210,黑眼圈的柚子君,2
211,什么样的标签,2
212,等会儿再开心,2
213,能不能拥抱我,2
214,洛雨_sun,2
215,一只喜欢唱歌的鱼,2
216,朔方辐射,2
217,知也在干嘛,2
218,幻言5716355854,2
219,_____悟_____,2
220,津茶_ilco,2
221,小妖ZXR,2
222,chuncxiaohao5378,2
223,秋天的落叶是凄凉,2
224,被死神抓住的孩子,2
225,苏明陌,2
226,南墙卫生纸大侠,2
227,TheZ-,2
228,左山蛤蟆,2
229,有條鯨魚哟,2
230,抑郁症严重拒绝治疗,2
231,超甜的吴秋秋,2
232,摄影师褐瞳,2
233,小圆不高兴,2
234,HATXUAL,2
235,微笑只是不想每天悲伤的过,2
236,午崽,2
237,追杀堕落菇,2
238,庄霄小,2
239,爱而哀,2
240,白云苍苍苍狗,2
241,逃跑深空,2
242,泛冷波潋滟,2
243,DogauntsH,2
244,今年里的最后一次改名机会,2
245,上帝废品,2
246,宫缪,2
247,这位同学h,1
248,XinRRR-,1
249,想做马猴烧酒,1
250,鸡蛋面呐,1
251,你喜欢过我妈,1
252,舞风风风风,1
253,Lovingd从简,1
254,一条鱼的罗曼史,1
255,胡近宝,1
256,阿酱累了,1
257,冷仙女姐姐,1
258,赵赵姓赵名赵,1
259,小名金银花,1
260,parallelepiped,1
261,Lonely山·风,1
262,文子舞木,1
263,阿芙罗拉京娜,1
264,雾岛月奈,1
265,吹着南风看月亮的是个菇凉,1
266,pre零零零,1
267,云野平山海,1
268,阿华田奶盖没有糖,1
269,镀金古刀,1
270,迷迷糊糊丶小橙子,1
271,好像明天就要流浪去远方,1
272,文静李Sinalee,1
273,没烦恼真真幸福,1
274,住在仙女山的美少女,1
275,YONGHOLIC_MILKY,1
276,Akimoto_Yui,1
277,山茶花的猫,1
278,没枪的少年,1
279,AmidyLee,1
280,卡夫卡走丢了,1
281,又是三更,1
282,真棒你又多活了一天,1
283,_叶二,1
284,阶前到天明,1
285,一只有抑郁症的社畜,1
286,无常bubble,1
287,好啊我们回家了ug,1
288,这孤单的抑郁者,1
289,棋棋棋棋棋哥,1
290,Icegrief_,1
291,小辣椒疯子,1
292,我不过节,1
293,开花的仙人掌小忍者,1
294,sevenseem,1
295,晚上星星不亮,1
296,愛周筆永遠,1
297,绿色爱心,1
298,樱慕杰,1
299,当时未见青山老_,1
300,潘西西西西开始营业,1
301,可可壹-,1
302,想走一走,1
303,小辫儿张大能耐,1
304,藤原菜菜子_已出坑,1
305,Miathel,1
306,快樂衝浪五百年,1
307,你要没有办法我就这样想,1
308,Angelospoppy,1
309,梦想成为叶开的男人可我没飞刀,1
310,渍青,1
311,若风的微笑MG,1
312,诚实国度的爱丽丝酱,1
313,LorangeY,1
314,打了麻药的兔子,1
315,风扇嗡嗡作响,1
316,CathyL110,1
317,我也是条小生命呀,1
318,账目友人夏,1
319,Annuoy,1
320,aarosee,1
321,我是来跟你道别的,1
322,猫屎型饼干,1
323,_Susss_,1
324,痴呆晚期,1
325,就从今天开始可以吗,1
326,-Ss馨-,1
327,秋至2020,1
328,BangBang击碎击碎,1
329,云中的星星1314,1
330,Clawmark,1
331,---归尘---,1
332,failblue,1
333,晕呼呼的小绵羊,1
334,少女刘铁柱,1
335,悲伤的智利民歌一直没有停,1
336,冰河也是你啊,1
337,陈郁_,1
338,哈笑半步癫,1
339,刀妹ovo,1
340,77wauwau,1
341,Lu1-k0te,1
342,人生海海拥抱你是最重要的小事,1
343,快乐小林98,1
344,膀胱绿子,1
345,Kungbokyi,1
346,一頭草莓豬,1
347,温柔与破碎,1
348,别喝椰汁,1
349,_八月未央__,1
350,奶油拉着草莓跑,1
351,绿笔Taylor,1
352,此顾客不在服务区,1
353,今天吃得不多鸭y,1
354,深林喜,1
355,半杯牛乳,1
356,抓到一只小夏儿,1
357,破布娃娃y,1
358,在人间找个兴趣吧,1
359,乌粼奇光柚,1
360,寻找我的单车骑士,1
361,亿万如斯年,1
362,位狗冰,1
363,vVv葳,1
364,五班的差生,1
365,secret_garden_of_lynn,1
366,黑夜夜夜酱,1
367,鸡蛋灌饼来两套,1
368,镜明月留,1
369,从世界路过2019,1
370,夏-子,1
371,awesome-Jessie,1
372,长三角地区野生废物,1
373,小数乘分数,1
374,snsjdjdnsjfhss,1
375,SentimentalJamboree,1
376,爱上山紫cp,1
377,妙音希蓝,1
378,孑孓呓语-,1
379,JalyricLee,1
380,疯狂的饭c,1
381,谁不曾孤单上路阿,1
382,曲知遥,1
383,一万口可爱,1
384,DEPRESSION枫子,1
385,嘎嘎嘎嘎嘎嘎嘎嘎嘎嘎嘎嘣脆,1
386,胡不来归-,1
387,屁高,1
388,你的同类不在这,1
389,鸡汁鲜肉包_,1
390,公子孫-,1
391,今天鱼崽也很困,1
392,阿淳不蠢是憨人,1
393,沈成精,1
394,余尽笙_,1
395,蘇kerry,1
396,Zuoe枳酒丶,1
397,心塞巴斯蒂安斯坦的猫,1
398,88653652i,1
399,不过期致幻,1
400,香草味的甜太阳,1
401,M-outlaw,1
402,Aimee君塔塔,1
403,长眠在深海里,1
404,能不能别土了,1
405,薛定谔的猫妹,1
406,好好爱妞妞好好吃饭好好睡觉,1
407,挺挺我们回家了,1
408,失格yu-,1
409,鹤川熠邑,1
410,00chenn,1
411,佛感到迷茫,1
412,溜去哪我也不知道,1
413,BlackLightShines,1
414,怪物5376,1
415,沐雨成秋,1
416,_margory,1
417,今天心情也好吗,1
418,牧神搭上春色火車_,1
419,XHEY13_,1
420,FourAlarmFireShoot,1
421,_月色真美啊_,1
422,LXlihong,1
423,FU宇辰辰辰,1
424,川贝枇杷珠,1
425,茉儿莉酱,1
426,lllllinany,1
427,鹿伊耶,1
428,Lili姐姐__,1
429,爱做梦的蘑菇妞儿,1
430,笑笑听夜雨丶,1
431,勤劳米粒,1
432,Mythppe,1
433,錕錕,1
434,强大实力全心全意放下私欲,1
435,大Applebaby,1
436,原地发呆的萌,1
437,bbdblue,1
438,不用再找了停在这,1
439,薄荷鲸鱼0707,1
440,小牛肉粒儿,1
441,VincentVegaiii,1
442,守望星尘,1
443,艾斯厚,1
444,Lvory_L,1
445,丧骉今天早睡早起了吗,1
446,圆大圆,1
447,一只巴达兽_,1
448,你说你还想我怎么不一样啊喂,1
449,__北国之春,1
450,咲萸,1
451,吾终身与汝交一臂而失之,1
452,一罐八宝粥的日常,1
453,jeremyqwerdf,1
454,水煮貓___,1
455,Eleanor_曦,1
456,迈迈夫人,1
457,玫瑰色的ZX,1
458,赵四喜Y,1
459,世清欢lemon,1
460,500年后的月亮,1
461,几度雨停我爱自己_,1
462,蜡笔小球的窝,1
463,dodududo00,1
464,逃到B-612星球,1
465,与你有关的久,1
466,烟雨中的风筝,1
467,平平无奇朴实无华小老百姓,1
468,乌拉拉乌拉拉乌拉乌拉嘿,1
469,Shmily_LMZ,1
470,心情日记垃圾桶,1
471,MarowizLILY,1
472,Gcwdmxb_,1
473,只得半缘,1
474,夏日唱片,1
475,帝国末年,1
476,争瞳,1
477,快乐崽崽儿,1
478,阿咯累,1
479,Chelsea__Terry,1
480,草莓味的顾青裴,1
481,·塵莫染,1
482,邶鸠,1
483,是不是缺心眼子,1
484,这才是我啊达文西,1
485,煎饼卷长颈鹿,1
486,大白裙子,1
487,有志少女大背头,1
488,Niki小兔酱,1
489,鱼宓-,1
490,薛定谔的喵崽子q,1
491,一个浪漫狙击手,1
492,万宇婕,1
493,Doris美皮康,1
494,肥鹅呀,1
495,胡小仙儿的梦游仙境,1
496,王家小太爷ii,1
497,TenxNine,1
498,冰饼冰饼冫水,1
499,都换了人间,1
500,very酷的,1
501,彷徨世间killy,1
502,百香果与柠檬,1
503,山兔的呱,1
504,十里素华迎慕卿,1
505,DDdd934,1
506,许你的忘却心机,1
507,sssyyyll,1
508,送你夕阳山半边,1
509,下雨天刚好遇见你,1
510,像梦里面啊,1
511,祈祷日暮时,1
512,哟依哟依哟,1
513,壶不见,1
514,小汤山山大王,1
515,Gslotta,1
516,用户6068785994,1
517,敬亭山白夫人,1
518,塞北夜雪2012,1
519,想吃牛肉粉火锅,1
520,嘿_小王今天很开心_,1
521,这个微博小号,1
522,nehzup21,1
523,残年丶忆青春,1
524,ws大饼饼,1
525,夏目卿冰,1
526,我看见前生的花田,1
527,撒贝宁的女人从不服输,1
528,是是是是是芒果耶,1
529,飞舞我在这,1
530,这是今天的小号,1
531,胡昂阿,1
532,万人膜拜大魔王,1
533,限定小咩,1
534,小鹿纯子酱,1
535,清冷一山,1
536,shengsheng855,1
537,乐乐ymyu,1
538,eihevs,1
539,deernite,1
540,今天的目标也是好好学习,1
541,每天都要早睡早起好吗,1
542,李小花bot,1
543,钓豆子的猫,1
544,召利fgfg,1
545,盘点果汁就是,1
546,改名又怎样,1
547,安ber略略略,1
548,小陈又可以了,1
549,米蓝灵铛,1
550,飞翔的山鸽子,1
551,不用看了我没什么好看的,1
552,别哭了你哭起来好丑,1
553,Seutryptamine,1
554,芷西阿芷西,1
555,深爱如长风,1
556,你一定发现了我的不正常,1
557,marypan,1
558,林青甜,1
559,一只待拯救的小可爱呀,1
560,秃头靓女孩,1
561,修改昵称为什么,1
562,啊牙缝缝,1
563,橘淮为栀,1
564,世间罪恶难渡,1
565,暗澜Chicoo,1
566,消逝的风__,1
567,米西米西花不辣鸡,1
568,_意万重_,1
569,榛子树上结贞子,1
570,又一年多没有改过名字了,1
571,樓道的豿,1
572,桥本Q崽,1
573,走了我一个人,1
574,醒醒我们回家了23333,1
575,养一只猴子看夕阳,1
576,twpjkkjl,1
577,散去即成,1
578,舍夫沙湾,1
579,三岛由纪夫人,1
580,椰子味的汤圆,1
581,水份消失特梅投,1
582,秋天集-,1
583,嘀嗒嘀嗒嘀啦,1
584,吃颗奶片,1
585,故醒_,1
586,你爱不爱我日久见人心,1
587,阮阮的迩,1
588,2018年湖南省高考理科状元须臾,1
589,醉眼看花花也醉yue,1
590,豆子Heo,1
591,可呀可,1
592,请回答1988zm,1
593,你不吃那我丢了,1
594,阿七小宝呀,1
595,一颗山楂,1
596,LVHUIZHEN_,1
597,我是美女君君子,1
598,纵你非文,1
599,他朝石头成翡翠,1
600,易安中学医务室,1
601,三更寻i,1
602,青山遥也,1
603,等困意等天亮,1
604,田大發cherie,1
605,ryuuzetsuran,1
606,___CecilsLI,1
607,糖不过期,1
608,下一秒的拜访者,1
609,唯有她颜不可辜,1
610,胖次ando,1
611,嘻嘻嘻再来一碗,1
612,旺仔是臭宝贝啊,1
613,养只约克夏呀,1
614,子騙球月,1
615,北顾s,1
616,李沛忆,1
617,Susuyaaa,1
618,钱程似锦吖,1
619,连景凉evil,1
620,小飞侠1874,1
621,小三掱,1
622,可爱小昕,1
623,小卵石累累,1
624,温暖的毛毯,1
625,可乐今天放弃了吗,1
626,肖战的霸道小女友,1
627,风姊_,1
628,咕噜咕噜vw,1
629,透明黑夜天空,1
630,zzzzzkiyo,1
631,六号竖琴手,1
632,打败小怪兽哦,1
633,简江的奇妙冒险,1
634,就当一条鱼,1
635,一点五-,1
636,壁纸泡泡,1
637,gulugulu呢,1
638,一个废人的一生,1
639,半甜芝芝草莓多加冰,1
640,夢境失眠實錄,1
641,WAN_DK,1
642,为我的嘀咕做笔录,1
643,富贵闲人疼,1
644,惜年岁暖,1
645,卷毛小黄鱼,1
646,吹远了距离,1
647,雨吁yx,1
648,比尔吉沃特第一美少女,1
649,FatttLaura,1
650,粉嫩扑勋,1
651,我只有烟和啤酒,1
652,小怪兽xxt,1
653,花椰菜女王007,1
654,做噩梦高手,1
655,我是蕾思,1
656,毛利索拉图,1
657,Eyrik,1
658,人間放棄,1
659,路路路路路路向长,1
660,程程小彭友,1
661,和平你以后一定会有一咖啡店的猫,1
662,玖千尺,1
663,拿碗zoufan,1
664,Ces_bonbons_sont_bons,1
665,星星星儿是我呀,1
666,夏夕燕,1
667,花花也觉得ok,1
668,洁癖怪_,1
669,醒醒不要再做白日梦了,1
670,sakura11_,1
671,wn小巫婆,1
672,醒醒我们去吃火锅了,1
673,未至二三里,1
674,serendipity自渡,1
675,Hello-Alan,1
676,你的另一位学医朋友,1
677,zxcvlllllllllll,1
678,我們笑著撲火,1
679,莉莉丝洛佩兹,1
680,永远都不开心,1
681,SerPink_Y,1
682,熊子,1
683,观止Cactus,1
684,Balls-out,1
685,全息玫瑰默片,1
686,一条杂乱,1
687,可如果冬天快乐呢,1
688,想当警犬的柯基,1
689,陌生人何一,1
690,想养猫的豆梗,1
691,快乐伪装的笨蛋,1
692,醒醒我们回家好了,1
693,没有感情的小董,1
694,安亦暖AlexanderDennis,1
695,一只迷路木马,1
696,张二囍-,1
697,眠去眠去,1
698,肖战热搜真的烦,1
699,小丫么小柿子呀,1
700,我爱学习学习能使我快乐,1
701,掌中老虎,1
702,离九闭门修仙,1
703,吉三水果,1
704,·坠海·,1
705,秋刀鱼的2020猫跟你都想了解,1
706,不是Mallory,1
707,寞昭,1
708,無人-知曉,1
709,第负一千零二个包子,1
710,biobiubi,1
711,程瑾熹,1
712,夏天的晚上有风吹过,1
713,基气毛-_-小叮当,1
714,菓孑酒,1
715,Vinstran_zx,1
716,付杨-,1
717,你又迟到了-,1
718,李银桐1996,1
719,美味的姜姜酱,1
720,昨天没有明天,1
721,严绳孙,1
722,风里云里雾里琴声里,1
723,迷彩家的娃,1
724,是少女哇,1
725,One_Carol,1
726,一湖小水怪222,1
727,·爱如探汤·,1
728,陵懱,1
729,在风里在这里,1
730,-Isolator-,1
731,大脸征服世界,1
732,土豆想当个小透明,1
733,keederena,1
734,小凝宝贝-,1
735,monsterxxt,1
736,起来我们睡觉了,1
737,鹿贺凛的凛,1
738,沈为止,1
739,小洋仔61,1
740,我要成为一个大叔,1
741,万物温柔宇宙,1
742,Shin为信而生,1
743,是破产的小姐姐啊,1
744,温酎,1
745,肆月告解,1
746,_醒醒醒醒,1
747,兔子痞老板,1
748,vesperlla,1
749,山野都有雾灯,1
750,你拥有我的不止是今夜,1
751,Lila0908,1
752,BEASLAYER,1
753,猫咪尾巷丶,1
754,sunny55627,1
755,鹤唳长云,1
756,Lareina-Dan,1
757,憋气自杀,1
758,无所谓老掉牙,1
759,z26星球,1
760,ysItachi,1
761,哆啦B梦只是梦,1
762,我与梦与书,1
763,怪物病,1
764,小爽的灰暗地带,1
765,阿呵丸欢,1
766,被爱的人都是大爷,1
767,拾柒的,1
768,周美呈,1
769,落坨翔_,1
770,quokkazu,1
771,Luvandu,1
772,吃一碗半,1
773,永远爱你写进诗的结尾,1
774,羽雪飘,1
775,言很乖,1
776,我的故事讲完了该你了,1
777,Marshmallow____,1
778,风干咸鱼酱,1
779,鼬的三色丸子,1
780,守沙为海,1
781,依稀离熙,1
782,爱猫的贫血患者,1
783,心动渣女,1
784,killetwall丿,1
785,KuroNekoSama,1
786,不爱吃甜的钖钰,1
787,Carolsn,1
788,我没有名字呀嘻嘻,1
789,要死就一定死在你手里i,1
790,我们最后的校园民谣,1
791,-明目张胆的偏爱-,1
792,桔尔过过,1
793,戴妃之,1
794,渴死的尼莫,1
795,么么虾虾,1
796,CFBDSIR2I49,1
797,十七丶茧,1
798,小烦不在,1
799,不乖-buguai,1
800,有点累的你,1
801,被盗号了不上了,1
802,我的星球穿过雨季,1
803,不玩了谢谢_,1
804,鼩鼱的巢穴,1
805,10豆,1
806,一年四月一,1
807,自我,1
808,今生春,1
809,一杯牛奶不够喝-S,1
810,人型自走泰迪,1
811,春日部防卫队FAN,1
812,8een,1
813,是豆大爷,1
814,桑要做椰子,1
815,酉斜,1
816,你怎么一点也不酷,1
817,一块酸橘子糖,1
818,人间失格又如何,1
819,不是热水i,1
820,呐呐201310,1
821,边小兽,1
822,仙女阿酥,1
823,风酱风酱,1
824,迷梦多巴胺,1
825,夕時陨砾,1
826,阿里个库,1
827,原来是李玉莲呀,1
828,xwdsj,1
829,两只苏打,1
830,Cynthia与十七与你,1
831,一冰可乐一,1
832,日常烦躁五颗星,1
833,自杀感,1
834,_東隅z,1
835,志龙梦里_,1
836,北安是只猫,1
837,Nn略宁,1
838,南风抚婉婉,1
839,醒醒去外面玩吧,1
840,我只想抚摸你的乳房,1
841,糖醋生菜卷,1
842,w如此便两不相欠,1
843,你先去忙吧,1
844,Acicice,1
845,一只雯雯羊,1
846,怎么笑着笑着就红了眼,1
847,老冯爷万福金安,1
848,祖彦吴东广,1
849,月岛萤老婆,1
850,胖圆媛y,1
851,别走要用跑flaw,1
852,1996年6月初7,1
853,po主不是猪,1
854,e12002,1
855,夏夜星滢,1
856,一森hoony,1
857,杼耶,1
858,5个海白菜,1
859,Fiona同学呀,1
860,人间最饿王大源,1
861,ioawdj,1
862,娜娜大爷,1
863,阿野是个小怪物,1
864,一桶糯米,1
865,你来了我们回家,1
866,Ti·Amo·,1
867,无与言者,1
