,name,user_gender
0,呼呼呼小九,f
1,,
2,想你想给你口,f
4,猪头翼爱吃肉,f
6,青山遥也,m
8,半杯牛乳,f
10,Lovingd从简,f
12,Fairy-Dand,m
14,土豆想当个小透明,f
16,迷梦多巴胺,f
18,抓到一只小夏儿,f
20,tellmegoodbye_,f
22,许你的忘却心机,f
24,老冯爷万福金安,f
26,Lareina-Dan,f
28,1996年6月初7,m
30,VincentVegaiii,m
32,Endlessly-,f
34,与姑娘生死与共,f
36,米蓝灵铛,f
38,Carolsn,m
40,三更寻i,f
42,芝士快跑,f
44,赵赵姓赵名赵,f
46,killetwall丿,f
48,程程小彭友,f
50,可可壹-,f
52,一个不高兴的胡萝卜,m
54,与你有关的久,f
56,路路路路路路向长,f
58,绿色爱心,m
60,日落前出逃吧,f
62,你怎么一点也不酷,f
64,幹物废柴宅,m
66,哒浪哒浪呀,f
68,执冷夏_慕相,f
70,你又迟到了-,f
72,你先去忙吧,f
74,阿怪是豆豆啊,f
76,帽子的异想世界,m
78,山茶花的猫,f
80,一只有抑郁症的社畜,m
82,肉肉不吃饭,f
84,樱慕杰,f
86,·塵莫染,f
88,昨天没有明天,f
92,张二囍-,f
94,温暖的毛毯,f
96,buyaoaoyel,f
98,你要没有办法我就这样想,m
102,我是美女君君子,f
104,Hello-Alan,f
106,这位同学h,m
108,寂小寂啊,f
110,黑眼圈的柚子君,f
112,天空中飞过的喵,f
114,安吉丽娜品如,f
118,serendipity自渡,f
120,ioawdj,m
122,酒酿柒柒,f
124,白日航船,m
126,怪物5376,f
128,别哭了你哭起来好丑,f
130,ysItachi,m
132,BX-DING,f
134,w如此便两不相欠,f
136,不想醒的小鱼,f
138,幻言5716355854,m
140,香草味的甜太阳,m
142,开花的仙人掌小忍者,f
144,上帝废品,f
146,Shin为信而生,f
148,好好爱妞妞好好吃饭好好睡觉,f
150,·Liyn,f
152,时间_胶囊,f
154,南风抚婉婉,f
156,没结论,m
160,還是分不清東南西北,f
162,抢票抄手_,f
164,yee我爱吃火锅芒果奶茶,f
166,Annuoy,f
168,怎么笑着笑着就红了眼,f
172,事后一杯茶,f
174,严绳孙,f
176,么么虾虾,m
178,我的星球穿过雨季,f
180,Lonely山·风,f
184,逃跑深空,m
188,晞叶叶yee,f
192,Ti·Amo·,m
194,少吃点肉吧胖成啥了,f
196,比尔吉沃特第一美少女,f
198,YONGHOLIC_MILKY,f
200,今生春,f
202,叶枭枭枭子,f
204,夏天的晚上有风吹过,m
206,Gcwdmxb_,m
208,温柔与破碎,f
210,有條鯨魚哟,f
212,诚实国度的爱丽丝酱,f
214,一个废人的一生,f
218,走失狗,f
220,Lili姐姐__,f
224,你拥有我的不止是今夜,f
226,baby_喵,f
228,你一定发现了我的不正常,f
230,病魂,f
232,刀妹ovo,f
234,chuzihllll,f
236,全宇宙超级无敌美默默啊,f
238,小鹿橘-,f
242,风说心听,m
244,牧神搭上春色火車_,f
248,Mythppe,f
250,sunny55627,m
252,无常bubble,f
254,薛定谔的喵崽子q,f
256,几度雨停我爱自己_,m
258,掌中老虎,f
260,周美呈,f
264,秋之Ann,f
268,小份甜點,f
278,山兔的呱,m
280,_月色真美啊_,f
282,錕錕,f
284,潘西西西西开始营业,f
286,争瞳,f
288,憋气自杀,f
290,vesperlla,f
292,北居予南,f
294,这个微博小号,m
296,来一斤糖炒板栗,m
298,夏目卿冰,m
300,你不吃那我丢了,m
302,KuroNekoSama,m
304,草莓味的顾青裴,f
306,醒醒我们去吃火锅了,f
308,一杯牛奶不够喝-S,f
310,要死就一定死在你手里i,f
314,快樂衝浪五百年,f
316,xwdsj,m
320,吃颗奶片,f
322,而後拔劍自刎,f
324,小卵石累累,f
326,不知道起什么就暂且作罢,f
330,小白杨可爱,f
332,whrvgo,m
334,Kamiiihara,m
336,Dominik_kk,m
338,Komolov,f
340,糖糖揍你,f
342,HEY1Katrina,f
344,MOSHIYA,f
346,你读的技术,m
348,徐哦哦哈哈,f
350,啊鱼啊呀,f
354,悲伤贩卖机,f
358,想做马猴烧酒,f
360,吾终身与汝交一臂而失之,f
362,BEASLAYER,f
364,桥本Q崽,f
366,奶油拉着草莓跑,f
368,深林喜,f
370,养一只猴子看夕阳,f
374,夢境失眠實錄,m
376,鹿贺凛的凛,f
378,云野平山海,f
380,小飞侠1874,f
382,Ruby_setfree,m
386,阿野是个小怪物,f
390,桑要做椰子,f
392,为我的嘀咕做笔录,f
394,连景凉evil,f
396,胡昂阿,f
398,小汤山山大王,m
400,一頭草莓豬,m
402,不醒HaN,f
404,走了我一个人,m
406,橘淮为栀,m
408,Mr林志,m
410,小辣椒疯子,f
414,Acicice,f
418,莉莉丝洛佩兹,m
420,挺挺我们回家了,m
422,子騙球月,f
424,此顾客不在服务区,m
426,一沧沧沧,m
428,沈成精,f
430,小怪兽xxt,f
444,能比刘能能,f
448,醒醒去外面玩吧,f
450,你在说什么狗话,m
454,像梦里面啊,f
456,-Ss馨-,f
458,镜明月留,f
460,是少女哇,f
464,万宇婕,f
466,肖战热搜真的烦,f
476,今天鱼崽也很困,f
480,鼬的三色丸子,f
482,撒贝宁的女人从不服输,f
484,CFBDSIR2I49,f
486,迈迈夫人,f
490,是豆大爷,f
494,醉时花与月,m
496,甜甜别吃了-,f
498,我只想抚摸你的乳房,m
502,风里云里雾里琴声里,m
504,用户8313730283-2,m
508,别看是只小蘑菇,f
512,·Bunnylover·,f
516,Balls-out,f
520,小辫儿张大能耐,f
522,晚上星星不亮,m
524,鹤唳长云,f
534,爱做梦的蘑菇妞儿,f
540,夏夜星滢,m
542,Marshmallow____,f
546,阿酱累了,f
548,卡夫卡走丢了,m
550,猫屎型饼干,m
552,不是热水i,f
556,透明黑夜天空,m
558,兔子痞老板,f
560,凌晨四点零四分_,f
562,札夭,m
564,小圆不高兴,f
566,quokkazu,f
568,Eleanor_曦,m
570,又是三更,f
572,在风里在这里,f
576,袁清朗,f
578,awesome-Jessie,f
580,第六只袜子,f
590,sakura11_,f
594,残年丶忆青春,m
596,今天的目标也是好好学习,m
598,无糖可乐不能喝,m
600,00chenn,f
602,youknight_,f
604,biobiubi,m
608,z26星球,f
610,冠状肺炎病毒,m
630,手机用户9826,m
634,一只喜欢唱歌的鱼,f
642,阿七走路带风,f
644,勤劳米粒,f
646,九节石上,f
650,不存在的粼粼,f
652,豆子Heo,f
654,秋天集-,m
664,从世界路过2019,f
666,ws大饼饼,m
668,1只萌主,f
672,亿万如斯年,m
674,别喝椰汁,f
678,快乐小林98,m
682,M-outlaw,f
688,FRLjd,f
690,十七丶茧,m
692,害怕茹,f
702,我们最后的校园民谣,m
704,心塞巴斯蒂安斯坦的猫,f
706,而你的心是我围绕着飞的月亮,f
710,人生海海拥抱你是最重要的小事,f
712,maeiiiiaaal,f
714,·爱如探汤·,f
720,晓晓数学家,f
740,朔方辐射,m
742,菠菜捏,f
744,他朝石头成翡翠,f
746,Lila0908,f
748,你爱不爱我日久见人心,f
750,夏夕燕,f
756,不爱吃甜的钖钰,m
758,·坠海·,f
760,一切会好的d,f
762,呐呐201310,f
764,Kungbokyi,f
770,今天吃得不多鸭y,f
780,哟依哟依哟,m
782,今日有点可爱,f
786,吃饭了吗开心吗,f
792,阿咯累,f
796,冷仙女姐姐,f
800,惘辞,m
802,一万口可爱,f
806,Laurel_呀,f
810,无与言者,f
812,躲在被窝的葱,f
814,李小花bot,f
816,Niki小兔酱,f
818,Evoly_Maturi,f
822,_東隅z,f
826,小洋仔61,f
830,小狸猫耳朵,f
834,少女刘铁柱,f
836,蘇kerry,f
838,守望星尘,f
840,gulugulu呢,m
844,要开心努力乐观的生活啊,f
852,小名金银花,f
854,被盗号了不上了,f
856,deernite,f
858,珍珠发夹心小饼干,f
862,等会儿再开心,f
864,你的另一位学医朋友,f
878,永远都不开心,f
882,500年后的月亮,f
884,长三角地区野生废物,f
888,茶杯里的预想,m
900,帝国末年,m
904,JalyricLee,f
906,小胖猫Delores,f
910,小三掱,m
912,不用再找了停在这,f
916,拿碗zoufan,m
918,黑夜夜夜酱,f
922,心秉烛夜游,f
936,我只有烟和啤酒,f
940,起来我们睡觉了,f
942,咩都吾知,f
944,Angelospoppy,f
946,薄荷鲸鱼0707,f
950,全息玫瑰默片,f
952,边小兽,f
954,丧骉今天早睡早起了吗,f
964,昨夜雨疏风骤s,f
966,哈笑半步癫,f
970,南墙卫生纸大侠,f
974,HATXUAL,m
976,爱上山紫cp,f
978,想去撒哈拉沙漠看星星,f
982,Poi李四,f
1002,po主不是猪,f
1008,拾柒的,f
1010,只得半缘,f
1014,谁不曾孤单上路阿,m
1018,一只巴达兽_,m
1020,_____悟_____,m
1022,微笑只是不想每天悲伤的过,f
1026,对面的夜,f
1028,不是Mallory,f
1034,一湖小水怪222,m
1048,百香果与柠檬,f
1050,桔尔过过,m
1052,我是蕾思,f
1056,晕呼呼的小绵羊,f
1058,eihevs,f
1060,故醒_,f
1062,风干咸鱼酱,f
1064,鼩鼱的巢穴,f
1066,走万万,f
1078,摄影师褐瞳,f
1084,秃头靓女孩,f
1086,烟雨中的风筝,m
1088,平平无奇朴实无华小老百姓,f
1090,宫缪,f
1094,绿笔Taylor,f
1096,糜kill,f
1100,万物温柔宇宙,f
1102,今天也要好好吃饭咯,f
1104,阿芙罗拉京娜,f
1106,我不过节,m
1108,玫瑰色的ZX,f
1112,tanyog,f
1116,山野都有雾灯,f
1120,白云苍苍苍狗,f
1122,一冰可乐一,f
1128,笑笑听夜雨丶,f
1130,A-Intro,f
1132,取向狙击ttt_op,f
1142,Clawmark,m
1150,散去即成,m
1164,艾斯厚,m
1166,二十二岁整,f
1168,召利fgfg,m
1170,8een,f
1174,BangBang击碎击碎,f
1176,花花也觉得ok,f
1180,哆啦B梦只是梦,f
1182,不乖-buguai,f
1184,位狗冰,m
1186,依稀离熙,m
1188,藤岛加奈子·,f
1190,我与梦与书,f
1194,原来是李玉莲呀,f
1204,一罐八宝粥的日常,f
1206,这是今天的小号,f
1208,言很乖,f
1212,阿华田奶盖没有糖,f
1214,仙女阿酥,f
1216,洛雨_sun,f
1220,今年里的最后一次改名机会,f
1222,午崽,f
1234,追杀堕落菇,f
1238,_醒醒醒醒,f
1240,沉溺mny,f
1248,快乐伪装的笨蛋,f
1252,failblue,f
1254,一字忘,f
1264,爱而哀,f
1272,10豆,m
1274,水煮貓___,f
1276,心动渣女,f
1280,marypan,m
1282,和平你以后一定会有一咖啡店的猫,f
1288,酉斜,m
1296,此去三千里千里东风一梦遥,f
1308,愛周筆永遠,m
1314,曲知遥,f
1316,潮鞋Fashion库,f
1320,万人膜拜大魔王,m
1322,心碎小狗,m
1332,TenxNine,f
1336,Ces_bonbons_sont_bons,f
1346,SomedaySoonn,f
1354,产值0,f
1356,熊子,f
1360,阶前到天明,m
1362,渍青,f
1368,一只雯雯羊,f
1370,FourAlarmFireShoot,f
1374,春日部防卫队FAN,m
1376,能不能拥抱我,f
1388,Icegrief_,f
1394,洁癖怪_,f
1396,泛冷波潋滟,f
1404,富贵闲人疼,f
1408,秋天的落叶是凄凉,f
1412,我也是条小生命呀,f
1414,UrNotSil,f
1418,可乐今天放弃了吗,f
1422,sevenseem,m
1430,盘点果汁就是,f
1434,阿里个库,f
1442,藤原菜菜子_已出坑,m
1446,_nachtundfrei,f
1450,有志少女大背头,f
1452,简江的奇妙冒险,m
1456,翻车霖之再生产,m
1470,月岛萤老婆,f
1472,因为无趣,f
1480,七七的白日梦,f
1484,疯狂的饭c,m
1486,被死神抓住的孩子,f
1490,21725号卡图,m
1504,Bucknorth,f
1508,眠去眠去,m
1510,文静李Sinalee,f
1512,Gslotta,f
1514,若风的微笑MG,m
1516,我要成为一个大叔,m
1520,左山蛤蟆,m
1524,超甜的吴秋秋,f
1528,是破产的小姐姐啊,f
1548,美味的姜姜酱,f
1554,十里素华迎慕卿,f
1556,鸡蛋面呐,f
1564,一只迷路木马,f
1566,天下无瓶,m
1576,乍梨,f
1594,jeremyqwerdf,m
1596,苏明陌,f
1598,monsterxxt,f
1600,早安_诺氟沙星人,f
1610,一颗山楂,f
1612,Seutryptamine,f
1616,吃一碗半,f
1620,未至二三里,f
1622,哎呀哎呀月光真美吖,f
1626,宇宙超级无敌可爱的阿五,f
1640,好想开心一点阿,f
1662,什么呢h,f
1664,渴死的尼莫,f
1670,玖千尺,f
1672,e12002,f
1690,强大实力全心全意放下私欲,f
1692,一条鱼的罗曼史,f
1696,东风夜放花千树__,f
1708,夏-子,f
1712,_楠楠小可爱_,f
1722,77wauwau,m
1724,温柔网友小林,m
1728,不玩了谢谢_,f
1730,一森hoony,f
1738,秋至2020,f
1752,lesyeuxdemmun,f
1758,半甜芝芝草莓多加冰,f
1762,人間放棄,m
1766,_margory,f
1768,_意万重_,f
1770,雾岛月奈,f
1772,榛子树上结贞子,f
1784,_噗叽-,f
1794,云中的星星1314,f
1798,鸡汁鲜肉包_,f
1812,夏日唱片,f
1814,我没有名字呀嘻嘻,f
1816,2018年湖南省高考理科状元须臾,f
1818,醒醒我们回家好了,f
1822,嘻嘻嘻再来一碗,f
1824,FatttLaura,f
1830,Nn略宁,f
1858,wn小巫婆,f
1866,金嗓子多吃金嗓子,f
1870,安ber略略略,f
1872,消逝的风__,m
1874,小宁同学不吃鱼,f
1876,祈祷日暮时,f
1878,小陈又可以了,f
1880,GoKoo-,f
1884,-仌-,f
1888,李沛忆,f
1892,Mou树,f
1898,志龙梦里_,f
1902,田大發cherie,f
1904,真棒你又多活了一天,f
1906,FU宇辰辰辰,m
1908,CathyL110,f
1926,SunkcostD77,f
1928,酸奶抹茶热干面,f
1932,唯有她颜不可辜,m
1938,沈为止,f
1946,祖彦吴东广,f
1948,水份消失特梅投,f
1952,茉儿莉酱,f
1954,醒醒不要再做白日梦了,f
1956,你有蓝色的眼睛,f
1966,住在仙女山的美少女,f
1968,蠕蠕呀,f
1972,Chelsea__Terry,m
1984,小鹿纯子酱,f
1986,One_Carol,f
1988,想吃牛肉粉火锅,f
1994,粉嫩扑勋,f
1998,杼耶,f
2000,胡近宝,f
2002,胖圆媛y,f
2004,呆萌月6,f
2006,不过期致幻,f
2010,DogauntsH,f
2018,巫阿谢,f
2020,你看春天就很好,f
2022,这才是我啊达文西,m
2028,想养猫的豆梗,f
2030,人间失格又如何,f
2032,善生ruyi,f
2036,限定小咩,f
2040,守沙为海,m
2044,芷西阿芷西,f
2046,别动我的儿童床,m
2050,杰羽家de小乖,f
2054,十岁小天才,f
2056,川贝枇杷珠,f
2058,小丫么小柿子呀,f
2060,打败小怪兽哦,m
2062,西瓜Kaii,f
2066,又一年多没有改过名字了,f
2076,两只苏打,f
2084,薛学学学,f
2106,SentimentalJamboree,f
2108,纵你非文,m
2116,一年四月一,f
2118,zzzzzkiyo,f
2120,第负一千零二个包子,f
2122,secret_garden_of_lynn,f
2128,程瑾熹,m
2136,在人间找个兴趣吧,f
2148,温酎,f
2150,醉眼看花花也醉yue,m
2156,没有感情的小董,f
2160,壶不见,f
2168,Miathel,f
2174,樓道的豿,m
2182,世清欢lemon,f
2188,沐雨成秋,f
2190,飞翔的山鸽子,m
2194,肖战的霸道小女友,f
2200,深爱如长风,f
2206,zxcvlllllllllll,m
2208,紫薯布丁51591,m
2210,爱猫的贫血患者,f
2218,棋棋棋棋棋哥,m
2220,人型自走泰迪,m
2226,怪物病,f
2230,屁高,f
2232,想当警犬的柯基,m
2238,好像明天就要流浪去远方,f
2240,什么样的标签,f
2246,小爽的灰暗地带,f
2248,shengsheng855,m
2254,我看见前生的花田,f
2258,LVHUIZHEN_,f
2260,当时未见青山老_,f
2262,人间最饿王大源,f
2266,知也在干嘛,f
2270,呱呱辰的记录bot,f
2274,XinRRR-,f
2278,_此离人间,f
2284,梦想成为叶开的男人可我没飞刀,m
2288,Shmily_LMZ,f
2290,冰河也是你啊,f
2292,bbdblue,m
2294,Vinstran_zx,m
2298,南庭北墓,m
2304,陈郁_,f
2308,花花我很想你,m
2312,Fiona同学呀,f
2320,这孤单的抑郁者,m
2328,荡荡荡小煜,m
2334,MarowizLILY,f
2336,鸡蛋灌饼来两套,m
2338,等困意等天亮,f
2342,_叶二,f
2354,咕咕噜噜安,f
2360,账目友人夏,f
2370,俺想回老家种地,f
2376,嘀嗒嘀嗒嘀啦,f
2378,蜡笔小球的窝,m
2380,迷迷糊糊丶小橙子,m
2384,阿七小宝呀,m
2394,SerPink_Y,f
2396,椰子味的汤圆,f
2398,用户6068785994,m
2400,痴呆晚期,m
2402,陌生人何一,m
2418,五班的差生,f
2422,想走一走,m
2436,世间罪恶难渡,f
2438,睡了也许梦就来了,f
2440,无所谓老掉牙,f
2442,一只待拯救的小可爱呀,f
2450,keederena,m
2490,余尽笙_,f
2496,loneliness14,m
2500,送你夕阳山半边,f
2502,公子孫-,f
2504,pre零零零,f
2510,不计良人不计仇,m
2514,大脸征服世界,f
2522,一个浪漫狙击手,f
2536,安亦暖AlexanderDennis,m
2538,好啊我们回家了ug,f
2542,茕茕白兔_7月,f
2546,猫咪尾巷丶,f
2552,小烦不在,f
2554,风扇嗡嗡作响,m
2562,雨吁yx,f
2566,自我,f
2586,娜娜大爷,f
2590,parallelepiped,f
2592,vVv葳,f
2596,小凝宝贝-,f
2600,膀胱绿子,f
2612,惜年岁暖,f
2632,彷徨世间killy,f
2634,镀金古刀,f
2636,-明目张胆的偏爱-,f
2644,就从今天开始可以吗,f
2646,我是来跟你道别的,f
2650,北顾s,m
2656,米西米西花不辣鸡,f
2658,莫里丹的驴子,f
2676,能不能别土了,f
2680,小牛肉粒儿,f
2688,每天都要早睡早起好吗,f
2690,壁纸泡泡,m
2704,灯束,f
2706,vfgnvdvnh,f
2710,林青甜,f
2716,舞风风风风,f
2718,北安是只猫,f
2724,旺仔是臭宝贝啊,f
2728,乐乐ymyu,f
2742,胖次ando,f
2746,风酱风酱,f
2748,李银桐1996,m
2750,我愛于晏彭,f
2752,飞舞我在这,f
2756,Doris美皮康,f
2758,三岛由纪夫人,f
2760,永远爱你写进诗的结尾,m
2766,煎饼卷长颈鹿,m
2768,夕時陨砾,f
2774,卡卡戎星,f
2780,小陈您真棒,f
2794,电脑夼KUANG死机,m
2804,津茶_ilco,m
2820,六号竖琴手,f
2844,我和小喵纸,f
2846,基气毛-_-小叮当,f
2852,破布娃娃y,f
2856,BlackLightShines,f
2866,别走要用跑flaw,m
2876,快乐没烦恼_,f
2928,_Susss_,f
2950,秋刀鱼的2020猫跟你都想了解,f
2956,顾无端_,f
2960,暗澜Chicoo,f
2966,你的同类不在这,f
2972,阿阿阿羚,f
2976,易安中学医务室,f
2978,ryuuzetsuran,f
3012,落坨翔_,f
3028,陽光阿雞-,f
3032,我爱学习学习能使我快乐,f
3040,深夜觅食者,f
3050,88653652i,m
3052,请回答1988zm,f
3110,星星星儿是我呀,f
3124,Yi-Joanna,f
3158,吉三水果,f
3174,鱼宓-,f
3188,胡小仙儿的梦游仙境,f
3190,薛定谔的猫妹,f
3192,小妹只有一个,f
3200,看见你的小虎牙,f
3206,twpjkkjl,f
3208,lllllinany,f
3212,她去宇宙摘星星了,f
3216,nehzup21,f
3218,快乐崽崽儿,m
3220,Yhcolaa,f
3228,抑郁症严重拒绝治疗,m
3252,定时发布鸟,m
3256,是不是缺心眼子,f
3292,Lu1-k0te,f
3294,温小健w_w,f
3308,阮阮的迩,f
3312,aulll320,f
3320,修改昵称为什么,f
3348,陵懱,m
3354,每天这个时候就失忆,m
3362,小满万安,f
3370,没枪的少年,f
3384,dodududo00,m
3396,XHEY13_,m
3398,肥鹅呀,f
3400,王家小太爷ii,m
3406,幸存者kaven,m
3410,风姊_,f
3414,chuncxiaohao5378,f
3424,DEPRESSION枫子,m
3426,佛感到迷茫,f
3436,你来了我们回家,f
3440,sssyyyll,f
3446,sinsnibhj,f
3452,---归尘---,m
3456,程仁美,f
3474,very酷的,f
3476,清冷一山,m
3506,Luvandu,m
3510,做噩梦高手,m
3514,阿呵丸欢,f
3518,snsjdjdnsjfhss,f
3522,迷惑计,m
3526,塞北夜雪2012,m
3544,菓孑酒,f
3554,longtimesnosee,m
3570,不用看了我没什么好看的,f
3572,依怡懿奕易伊逸,f
3578,鹿伊耶,f
3580,好稀罕苏澈呀,f
3582,我的故事讲完了该你了,f
3584,都换了人间,m
3592,DDdd934,f
3594,LXlihong,f
3596,_八月未央__,f
3598,糖醋生菜卷,f
3620,最好的自己lsy,f
3624,观止Cactus,f
3628,养只约克夏呀,f
3634,羽雪飘,f
3638,Lvory_L,f
3642,可爱小昕,f
3644,FineIsland,f
3650,乌粼奇光柚,m
3654,邶鸠,f
3658,迷彩家的娃,f
3660,糖不过期,f
3662,付杨-,m
3664,吹远了距离,m
3666,毛利索拉图,f
3678,溜去哪我也不知道,m
3686,你说你还想我怎么不一样啊喂,f
3698,钓豆子的猫,m
3706,是是是是是芒果耶,f
3708,赵四喜Y,m
3714,戴妃之,f
3732,你喜欢过我妈,f
3736,花椰菜女王007,f
3756,一点五-,m
3762,悲伤的智利民歌一直没有停,f
3764,Zuoe枳酒丶,f
3768,Cynthia与十七与你,f
3782,5个海白菜,f
3800,环形荒野,f
3804,改名又怎样,f
3806,白话yx,f
3808,TheZ-,f
3810,嘎嘎嘎嘎嘎嘎嘎嘎嘎嘎嘎嘣脆,m
3812,咲萸,m
3814,逃到B-612星球,m
3818,嘿_小王今天很开心_,f
3824,咕噜咕噜vw,m
3826,SuiciuS,f
3848,aarosee,f
3850,無人-知曉,f
3856,Aimee君塔塔,f
3858,WAN_DK,f
3862,世界第一烊吹,f
3866,寻找我的单车骑士,f
3870,庄霄小,f
3882,就当一条鱼,f
3888,日常烦躁五颗星,f
3896,啊牙缝缝,f
3904,把我的鸡笼拿来,m
3908,文子舞木,m
3910,___CecilsLI,f
3912,Susuyaaa,f
3916,妙音希蓝,f
3922,自杀感,m
3926,长眠在深海里,f
3928,圆大圆,f
3930,离九闭门修仙,f
3948,乌拉拉乌拉拉乌拉乌拉嘿,f
3950,-Isolator-,f
3952,Eyrik,f
3956,下雨天刚好遇见你,m
3958,小数乘分数,f
3968,冰饼冰饼冫水,f
3976,胡不来归-,f
3978,大Applebaby,f
3980,肆月告解,f
3982,一桶糯米,f
3984,已西辞,m
3986,LorangeY,f
4014,有点累的你,m
4016,舍夫沙湾,f
4044,醒醒我们回家了23333,f
4052,可呀可,f
4058,心情日记垃圾桶,f
4060,小妖ZXR,f
4064,寞昭,f
4076,被爱的人都是大爷,f
4078,一块酸橘子糖,f
4090,AmidyLee,f
4100,今天心情也好吗,m
4106,下一秒的拜访者,m
4110,钱程似锦吖,m
4140,没烦恼真真幸福,f
4146,阿淳不蠢是憨人,f
4148,卷毛小黄鱼,m
4178,打了麻药的兔子,f
4200,吹着南风看月亮的是个菇凉,f
4206,孑孓呓语-,f
4208,鹤川熠邑,f
4222,nidou030,f
4226,Akimoto_Yui,f
4230,__北国之春,m
4234,敬亭山白夫人,f
4240,失格yu-,f
4242,原地发呆的萌,f
4252,大白裙子,f
4256,一条杂乱,m
4258,夏弗依,f
4266,可如果冬天快乐呢,f
4278,我們笑著撲火,f
